{
  "train_loss": [
    1.8240490535958103,
    1.5013982273535753
  ],
  "train_acc": [
    0.3115873015873016,
    0.4631746031746032
  ],
  "val_loss": [
    1.5938951969146729,
    1.5015544891357422
  ],
  "val_acc": [
    0.434320987654321,
    0.4651851851851852
  ],
  "lr": [
    0.05,
    0.05
  ]
}