{
  "train_loss": [
    1.8240490535958103
  ],
  "train_acc": [
    0.3115873015873016
  ],
  "val_loss": [
    1.5938951969146729
  ],
  "val_acc": [
    0.434320987654321
  ],
  "lr": [
    0.05
  ]
}