{
  "train_loss": [
    1.7221606922906543,
    1.3732778708140054,
    1.2570432150300848,
    1.2014381874427593,
    1.1349299594838784
  ],
  "train_acc": [
    0.4112169312169312,
    0.5438095238095239,
    0.5947089947089947,
    0.6151322751322751,
    0.6416402116402117
  ],
  "val_loss": [
    1.3328454494476318,
    1.3229109048843384,
    1.1814073324203491,
    1.1152186393737793,
    1.0779465436935425
  ],
  "val_acc": [
    0.5367901234567901,
    0.5165432098765432,
    0.5906172839506173,
    0.6162962962962963,
    0.6291358024691358
  ],
  "lr": [
    0.05,
    0.05,
    0.045000000000000005,
    0.045000000000000005,
    0.04050000000000001
  ]
}