{
  "train_loss": [
    1.663230986923137,
    1.2566410414882438,
    1.131356882821946,
    1.0632382678985595,
    0.9865246988478161,
    0.8863196353054551,
    1.1435500799663483,
    0.8426554269639273,
    0.7834893966478015,
    0.7545144875592025,
    0.6869738761962406,
    0.6554173525552901,
    0.6311331624833364,
    0.5980485538578538,
    1.0953016179579276,
    0.5896501993123816,
    0.5644076523578987,
    0.5166713236248682,
    0.48631569082144077,
    0.4745097258103588,
    0.4294160363661549,
    0.4271191845306013,
    0.41366232132785535,
    0.397345667175515,
    0.4194755773443394,
    0.3668459365670643,
    0.3532037702060881,
    0.3553818365001174,
    0.33726904184099227,
    0.3303826317711482,
    0.31786889285006853,
    0.3122385539579644,
    0.306611871883352,
    0.2990668599756937,
    0.30176970552515103,
    0.28845305859096465,
    0.2818979568771584,
    0.2802930454665391,
    0.277728822798956,
    0.2746710036671351
  ],
  "train_acc": [
    0.46201058201058204,
    0.5940740740740741,
    0.6451322751322751,
    0.6720105820105821,
    0.7012169312169312,
    0.7393121693121694,
    0.6941269841269841,
    0.7515343915343915,
    0.7762962962962963,
    0.7916931216931217,
    0.8163492063492064,
    0.8261375661375662,
    0.8346560846560847,
    0.85,
    0.7611111111111111,
    0.8575132275132276,
    0.8651322751322751,
    0.881005291005291,
    0.8902645502645503,
    0.8933333333333333,
    0.9113227513227513,
    0.9128042328042328,
    0.9170899470899471,
    0.9214285714285714,
    0.9167195767195767,
    0.9312169312169312,
    0.9358201058201058,
    0.9335449735449736,
    0.941005291005291,
    0.9418518518518518,
    0.9458730158730159,
    0.9503174603174603,
    0.9494179894179894,
    0.9516402116402116,
    0.951058201058201,
    0.954920634920635,
    0.9578306878306878,
    0.9575132275132275,
    0.9595238095238096,
    0.9578835978835979
  ],
  "val_loss": [
    1.2561967372894287,
    1.1809262037277222,
    1.0483702421188354,
    1.3281861543655396,
    1.0309420824050903,
    1.3583225011825562,
    0.9859500527381897,
    1.0809985399246216,
    1.182538390159607,
    1.0380569696426392,
    1.0194406509399414,
    1.0783371925354004,
    1.104374885559082,
    0.9701772332191467,
    0.9807326793670654,
    0.9825313687324524,
    1.0258681774139404,
    0.952176034450531,
    1.019322395324707,
    0.9838142395019531,
    1.0349911451339722,
    1.0342273712158203,
    0.9912989735603333,
    1.211342692375183,
    1.080325722694397,
    1.0465787649154663,
    1.0206457376480103,
    1.069782018661499,
    1.050107479095459,
    1.0411534309387207,
    1.048314094543457,
    1.0731537342071533,
    1.0524262189865112,
    1.0778578519821167,
    1.0734803676605225,
    1.0772467851638794,
    1.09544038772583,
    1.0985397100448608,
    1.1126012802124023,
    1.11326003074646
  ],
  "val_acc": [
    0.5335802469135802,
    0.5646913580246914,
    0.6219753086419753,
    0.5380246913580247,
    0.6274074074074074,
    0.534320987654321,
    0.6508641975308642,
    0.6350617283950617,
    0.5575308641975308,
    0.6380246913580246,
    0.6565432098765432,
    0.6279012345679013,
    0.6271604938271605,
    0.6674074074074074,
    0.6661728395061728,
    0.6637037037037037,
    0.6607407407407407,
    0.6891358024691357,
    0.6624691358024691,
    0.6879012345679012,
    0.6834567901234568,
    0.6790123456790124,
    0.6920987654320988,
    0.6269135802469136,
    0.6864197530864198,
    0.6876543209876543,
    0.6990123456790124,
    0.6866666666666666,
    0.6871604938271605,
    0.6953086419753086,
    0.6982716049382716,
    0.7034567901234567,
    0.7024691358024692,
    0.697283950617284,
    0.697037037037037,
    0.6977777777777778,
    0.7007407407407408,
    0.7034567901234567,
    0.6975308641975309,
    0.705925925925926
  ],
  "lr": [
    0.05,
    0.05,
    0.05,
    0.05,
    0.05,
    0.045000000000000005,
    0.045000000000000005,
    0.045000000000000005,
    0.045000000000000005,
    0.045000000000000005,
    0.04050000000000001,
    0.04050000000000001,
    0.04050000000000001,
    0.04050000000000001,
    0.04050000000000001,
    0.03645,
    0.03645,
    0.03645,
    0.03645,
    0.03645,
    0.032805,
    0.032805,
    0.032805,
    0.032805,
    0.032805,
    0.029524500000000006,
    0.029524500000000006,
    0.029524500000000006,
    0.029524500000000006,
    0.029524500000000006,
    0.026572050000000003,
    0.026572050000000003,
    0.026572050000000003,
    0.026572050000000003,
    0.026572050000000003,
    0.023914845000000004,
    0.023914845000000004,
    0.023914845000000004,
    0.023914845000000004,
    0.023914845000000004
  ]
}